{
    "width": 300,
    "height": 300,
    "fx": 267.9263610839844,
    "fy": 267.9263610839844,
    "pose": [
        0.5531,
        -0.0643,
        0.4484
    ],
    "R": [
        [
            0.0347,
            0.4223,
            -0.9058
        ],
        [
            0.9993,
            -0.0294,
            0.0245
        ],
        [
            -0.0163,
            -0.9060,
            -0.4231
        ]
    ]
}